<?xml version="1.0" encoding="UTF-8" standalone="yes"?>
<addon id="repository.kronos" name="Kronos Repo" version="1.0.0" provider-name="Xavi">
    <extension point="xbmc.addon.repository" name="Kronos Repo">
        <info compressed="false">https://arxabin13.github.io/Kronosrepo/addons.xml</info>
        <checksum>https://arxabin13.github.io/Kronosrepo/addons.xml.md5</checksum>
        <datadir zip="true">https://arxabin13.github.io/Kronosrepo/</datadir>
    </extension>
    <extension point="xbmc.addon.metadata">
        <summary>Kronos Repository</summary>
        <description>Repositorio oficial del addon Kronos para Kodi.</description>
        <platform>all</platform>
        <assets>
            <icon>icon.png</icon>
        </assets>
    </extension>
</addon>
