<?xml version="1.0" encoding="UTF-8" standalone="yes"?>
<addon id="plugin.program.kronos" version="1.0.0" name="Kronos" provider-name="IA">
    <requires>
        <import addon="xbmc.python" version="2.25.0"/>
    </requires>
    <extension point="xbmc.python.program" library="default.py">
        <provides>executable</provides>
    </extension>
    <extension point="xbmc.addon.metadata">
        <summary>Addon avanzado con herramientas optimizadas y detección automática de dispositivo para configuración de buffering.</summary>
        <description>Kronos mejora Luar con funciones optimizadas, interfaz moderna y recomendaciones inteligentes.</description>
        <platform>all</platform>
    </extension>
</addon>
