<?xml version="1.0" encoding="UTF-8" standalone="yes"?>
<addon id="repository.kronos" name="Kronos Repo" version="1.0.0" provider-name="Kronos">
    <extension point="xbmc.addon.repository" name="Kronos Repo">
        <dir>https://arxabin13.github.io/Kronosrepo/repo/</dir>
        <info>https://arxabin13.github.io/Kronosrepo/repo/addons.xml</info>
        <checksum>https://arxabin13.github.io/Kronosrepo/repo/addons.xml.md5</checksum>
        <datadir>https://arxabin13.github.io/Kronosrepo/repo/</datadir>
    </extension>
    <extension point="xbmc.addon.metadata">
        <summary>Kronos Repository</summary>
        <description>Repositorio oficial del addon Kronos</description>
        <platform>all</platform>
    </extension>
</addon>
