<?xml version="1.0" encoding="UTF-8" standalone="yes"?>
<addon id="repository.kronos" name="Kronos Repo" version="1.0.0" provider-name="Arxabin13">
    <extension point="xbmc.addon.repository"
               name="Kronos Repository"
               version="1.1.2">
        <info compressed="false">https://arxabin13.github.io/Kronosrepo/addons.xml</info>
        <checksum>https://arxabin13.github.io/Kronosrepo/addons.xml.md5</checksum>
        <datadir>https://arxabin13.github.io/Kronosrepo/</datadir>
    </extension>
    <extension point="xbmc.addon.metadata">
        <summary>Kronos repository for Kodi addons</summary>
        <description>Kronos is a new and powerful addon installer and manager.</description>
        <platform>all</platform>
    </extension>
</addon>
