<?xml version="1.0" encoding="UTF-8" standalone="yes"?>
<addon id="repository.kronos" name="Kronos Repo" version="1.0.0" provider-name="Arxabin13">
    <extension point="xbmc.addon.repository" name="Kronos Repo">
        <dir>https://arxabin13.github.io/Kronosrepo/</dir>
        <info compressed="false">https://arxabin13.github.io/Kronosrepo/addons.xml</info>
        <checksum>https://arxabin13.github.io/Kronosrepo/addons.xml.md5</checksum>
        <datadir zip="true">https://arxabin13.github.io/Kronosrepo/</datadir>
    </extension>
    <extension point="xbmc.addon.metadata">
        <summary>Kronos Repo</summary>
        <description>Repositorio oficial del addon Kronos</description>
        <platform>all</platform>
    </extension>
</addon>
